13.8123859125907,11.8042811937561,23.1546695494505,32.9049776205405,9.59173354208957,15.6233002764889,5.97702576126821,2.14228869763224,1.77887498034286,2.65046564901848,5.88923988648316,2.52783472096288,2.47943675143923,1.32081014429476,0.684824478836965,0.433976417465669,0.537251330448281,0.307335229078263,0.0644977008760811,0.0563801317251958,0.0976559658689332,0.123822875316774,0.0295651514339825,0,0,0,0,0,0,0.00469113120948319,0.050297601172152,0.0649458415118317,0.0195284929935217,0.00553968810854166,0,0,0.0102486033746384,0,0.0048560794722,0,0,0,0,0,0,0,0,0,0,0,0,0,0,0,0,0,0,0,0,0,0,0,0,0,0,0,0,0,0,0,0,0,0,0,0,0,0,0,0,0,0,0,0,0,0,0,0,0,0,0,0,0,0,0,0,0.011045498626921,0,0,0,0,6
9.7270509964375,12.7699733299893,44.4313313191764,27.7063086906713,13.5801018986043,23.4282463691343,7.69807690661717,6.62937898498273,6.66164149695272,5.05896835351255,4.50977060225842,8.02301241389107,4.76856999565538,3.00910485169726,3.9438108234897,4.15521226301249,2.89993844996217,3.12891111589542,2.39309073675219,1.76200997333034,1.97901185852238,1.58968270892735,1.02573227893123,1.88934339999585,1.55072891369642,1.03281392436699,0.480988156730431,0.38354418086452,0.381504037357951,0.520660897911874,0.498771515425152,0.488291406529796,0.449640344821155,0.238315455872203,0.200968554658824,0.258945417712592,0.422007114483723,0.522678311535558,0.297497047892569,0.207317826247653,0.16062019985757,0.181302076621709,0.319232642835026,0.24649430540148,0.358801535998772,0.305023303467302,0.278291417269,0.225052040942939,0.150353773776606,0.184486136822959,0.14111777774571,0.033593901579652,0,0,0,0,0,0,0,0,0,0,0,0,0,0,0,0,0,0,0,0,0,0,0,0,0,0,0,0,0,0,0,0,0,0,0,0,0,0,0,0,0,0,0,0,0,0,0,0,3
12.9073750723752,11.0122633242673,1.16838475764054,0.518764767425436,0.271005302379153,0.127167967346547,0.135809265292208,0.106233821228905,0.44925538022435,2.34185394521128,4.22546438637461,2.70393676501097,6.3828814877607,5.52846530467439,4.17146356975267,1.96068616731839,0.369147642443168,0.0797277155731624,0.23572432364927,0.0729227533672405,0.0170132553206818,0,0,0,0,0.00597557898279777,0.128868845033891,0.0777118880235632,0.103592778927275,0.288248062791988,0.269342427683626,0.0631958349268209,0.161232235801288,0.265108475723882,0.101195378688663,0.00472931199727875,0.0215994578297617,0.0254514631093646,0,0,0,0,0,0,0,0,0,0,0,0,0,0,0,0,0,0,0,0,0,0,0,0,0,0,0,0,0,0,0,0,0,0,0,0,0,0,0,0,0,0,0,0,0,0,0,0,0,0,0,0,0,0,0,0,0,0,0,0,0,0,1
12.4745765733084,17.2150609019833,38.1863651256496,40.132009240493,19.3416755434201,46.4616011162585,11.9976691588546,8.68040962388508,7.81561245820887,4.96998393030477,8.24713929085253,7.70735487594147,4.27377961897878,3.74615972399217,6.67246972347905,5.26124206236537,4.37944381417044,3.72492499546052,2.490398668314,2.15235529297908,1.94340474001433,1.67429822737608,2.3055942823275,2.31949022195758,1.65264226023314,1.47691673844075,1.03146517090054,0.797959834142521,0.782624496674454,0.84402192144497,0.739002122090608,0.683128753713835,0.523270435243582,0.502111559718843,0.493108631125724,0.431603701583473,0.348004724329265,0.357536670523902,0.396598551478804,0.365985357583036,0.309088742503635,0.335867870694125,0.359706943311961,0.395340857144314,0.451239938062001,0.387234726175257,0.329302266230825,0.523861449430069,0.458146324677526,0.355882733677564,0.21192502067384,0.0939013506771876,0,0,0,0,0,0,0,0,0,0,0,0,0,0,0,0,0,0,0,0,0,0,0,0,0,0,0,0,0,0,0,0,0,0,0,0,0,0,0,0,0,0,0,0,0,0,0,0,3
16.9316646691731,67.9220543659727,22.4635989313463,6.506556181014,4.96482391087893,7.47492649468888,4.34396034015408,3.20061895849717,8.96953944623807,6.77637599616799,4.23782339350449,7.80639434485592,6.81385930776533,5.99030316128625,9.90489601569377,5.96654913754351,2.84129276294003,2.59453076380784,3.49963594964512,2.2882424446062,2.02153121419321,1.67339308605805,1.42970810735409,1.8366491612767,1.41389287227649,1.22065110160492,0.786117029971685,0.700524625600011,0.78114208433185,0.659562168163745,0.733719534165743,1.01883794528265,0.677826192050105,0.50898707553301,0.676324739934408,0.945582160698446,0.909123894788998,1.07208613727653,0.940898982826944,1.05613734510752,0.711122906493332,1.13531252888408,1.27992533926341,1.38114749182298,1.4799294141647,1.53911754026591,2.0851413030347,1.41953254621786,1.5669285063408,1.25352160754662,0.924479070523118,0.37299030515899,0.18714785437379,0,0,0,0,0,0,0,0,0,0,0,0,0,0,0,0,0,0,0,0,0,0,0,0,0,0,0,0,0,0,0,0,0,0,0,0,0,0,0,0,0,0,0,0,0,0,0,5
13.0478252055258,21.3035088957347,45.8484121894639,17.5890732430748,10.0964399131037,29.4448952537218,7.92107506729157,6.94639679233524,5.60180186467818,4.66907439098706,6.30328257686614,4.39023593084007,2.82493970617971,3.60995280751643,3.91024490100611,2.89386183904777,3.3351683506038,2.54574671980536,2.91135021503273,1.94665057511357,1.54516692288839,1.59026466605229,1.39201539008981,1.44018768475974,1.25134572169962,0.860180670638055,0.832978189408862,0.737977968431398,0.83917320615476,0.719277827808782,0.724282999252367,0.683430793287082,0.674870165235363,0.621912917877776,0.3722239533587,0.506534342888069,0.552413969379923,0.724975432258609,0.556663909558967,0.514416548763956,0.288688717315206,0.278874989931919,0.258962638420917,0.444392749101454,0.630956698965024,0.765269134158164,0.709623474582645,0.622429380991223,0.515358342616261,0.468604219001461,0.211212485797762,0.179370230864704,0.0465308093246436,0,0,0,0,0,0,0,0,0,0,0,0,0,0,0,0,0,0,0,0,0,0,0,0,0,0,0,0,0,0,0,0,0,0,0,0,0,0,0,0,0,0,0,0,0,0,0,3
15.0425958134677,40.2419435739203,18.5931209506203,8.34371383002542,10.1802697453017,11.2635241187634,8.23986387792998,5.44298889957626,6.9074349633146,3.94102777961247,3.81850124952117,4.63031188627356,5.20151687650778,2.85957801459635,3.48880486112212,10.259258177939,6.26879022738497,9.06573705793128,16.0480004355108,16.0682289382657,23.0513352250209,17.0394049756587,12.2661089536678,9.89720727045254,8.18868498714044,7.11634046859444,6.75163222781031,6.97873912485795,7.78328912060339,7.15329486023024,8.56601945574784,4.51436715503723,4.94758511916527,5.14335876577809,6.21133624898522,4.38877059963928,4.31017566086478,7.22344303039672,7.85572585597232,6.34960116316042,10.2133359522644,9.29785892834432,5.70573538689484,3.57378354446003,5.58061322698808,7.37761800265035,5.7256229752286,4.08804797073744,2.85736856714507,2.10896951048439,1.13004107067958,0.831037870728165,0.494456039213455,0.125555223385915,0,0,0,0,0,0,0,0,0,0,0,0,0,0,0,0,0,0,0,0,0,0,0,0,0,0,0,0,0,0,0,0,0,0,0,0,0,0,0,0,0,0,0,0,0,0,4
29.5296658533241,21.8592040179195,3.15349823328952,1.34927932914955,0.856730397723744,0.665584122202682,2.07348655804003,3.59482525951141,2.53992479276534,2.35751179633682,0.815879876468519,1.34928849574238,2.58398166200702,5.15160314433526,3.61933006118521,3.40450301870998,3.30172461191433,1.26072498902917,2.10575683516237,1.59173871984409,1.56096814793371,0.805685644162292,0.233873765697027,0.0464307411794693,0.0513334176935132,0.0735374780556734,0.552594491613049,1.08649148994654,0.498327206878691,0.228419856393128,0.462874672385254,1.13363016615152,0.928302735883578,0.752693563048318,0.430049870965472,0.0783437818395318,0.434985150241619,0.827006535189852,1.19824070028181,1.45812035835875,1.52493544626344,1.78509148834367,1.32100859862074,1.62775062081243,2.78383515352619,4.54796358463004,7.85122974654058,6.78743120757431,5.24751787620175,7.49769009515455,4.90240201432862,4.65109342470733,5.18273082617911,4.64156014662557,5.60953673700534,3.96578105253949,1.84237529665194,1.53803763501778,1.2813592282663,2.68214743199032,2.26538782405974,2.06568287581033,1.27391557438202,0.620201244483498,0.550645128504936,0.969825522041317,1.08342466832253,1.17424535610273,0.958179858840356,0.631992292096547,0.327998117207713,0.451618419465724,0.524690589680516,0.441029777794331,0.379980587041448,0.293331035658434,0.225221095995272,0.0382010124272122,0.0467443102670714,0.132511237336452,0.173975008475599,0.21756747986648,0.183071593699089,0.0201360929603117,0.0409121110336491,0.0677618070374513,0.0166109917518877,0.0503816040714089,0.0311268431814189,0.0493553331010236,0.00192432909821122,0,0,0.0117549007636912,0.00405119621284675,0,0,0,0,0,2
13.3510205418701,9.96827382597002,6.31419044716618,11.3442089323735,14.9815217975798,17.8579124356993,14.4699086581289,5.41051304121453,3.80417739693012,2.91255632689876,1.98260949820516,3.29758679149392,4.8256385600619,6.51693487770073,3.84354984867697,1.97896572757136,1.02306648558768,0.476976660529316,0.504246357988236,0.462228922024984,0.693794019667717,0.490915095876986,0.226175496728722,0,0,0.313025925456828,0.47195439816482,0.464196492173818,0.35482626906825,0.11194255272379,0.160583319454136,0.670257118716983,0.748862234629389,0.566280731504516,0.209275756684515,0.0540052096822931,0.634014886300134,1.39323931996001,1.25097246914101,1.00269377971711,1.44171471946897,0.878355489698634,0.603741394671887,1.25420738176442,2.37597797007797,2.09427187651249,2.1137477035612,2.52658305175038,2.24518649931229,1.90894483225239,3.08082861976939,2.36554349409135,4.51783013197812,3.85513106475908,1.71701180492165,1.3287701187487,0.613878554460811,0.984527039567221,0.699309034589403,1.01297106907292,1.0388054618657,0.700374615957256,0.487190540735747,0.447001930692276,0.268690602276999,0.551279041151735,0.536623974182803,0.586410745794955,0.1201738837339,0.119903338825083,0.406615311424264,0.425108880880161,0.479597818317728,0.407100379855788,0.349789614525024,0.383890315537443,0.141752911073865,0.0310594465294015,0.0482330818782839,0.274521181677238,0.407964459151541,0.404947563687603,0.105525849709528,0.00527822361265223,0,0,0.00547590324547403,0,0,0,0,0,0,0,0,0,0,0,0,0,3
11.9836291333295,18.8311441506124,2.66709070053782,1.2358398077719,0.846755575458887,0.653494028766757,0.798781166953387,1.64290502307425,5.84491499520985,10.1802744305366,4.16546062283726,11.1698863441908,9.03011348250962,5.29981247924093,1.513130689125,1.7366335923988,1.46746744660171,0.951085818612043,0.421076143833297,0.590602953300745,0.828709204901043,1.26094046784425,1.24309846767001,1.98298202169761,2.18702087171307,1.10135074110822,0.541345075475199,0.740925484942019,1.13563433145605,1.37694418097314,1.25370927837608,1.13569582081041,1.12135452156866,1.1816202193264,1.13244840262034,0.795379442419016,0.834325932280951,0.533524858430332,0.439932656981778,0.48990989353893,0.637551223688507,0.750438117274669,0.764700112852634,0.740716689905454,0.761647082849791,0.534101838273759,0.538069776401003,0.614493720286385,0.490897400724727,0.490602338345149,0.415549988354955,0.381253434815669,0.284665909135856,0.258887860891253,0.21114647439933,0.199226044085129,0.0785967080310332,0.0369264620709433,0.0682188378179622,0.0190567656729345,0.0438249647762715,0.0176039027191092,0.0067429185746976,0.00685285740188822,0.0251280633382004,0.0145137135263064,0,0.00664044096209574,0.010224346583629,0.00368801394587386,0,0,0,0,0.0167287214233726,0,0,0.0105673460069294,0.0032050730443676,0.0136494000227624,0.00379298477198773,0.00363940919774697,0,0,0,0,0,0,0,0,0,0,0,0,0,0,0.0127460008787626,0,0,0,4
7.91252265170985,29.5498601514465,9.27354077127266,4.92584394985075,3.47916129000769,3.01097843623146,2.56604375620381,1.99493610766978,3.9832770650909,2.2424678228015,2.31432686767351,7.35478564471295,10.1421856881318,11.3571229242544,6.5176002972273,2.83235159966044,2.80179978038791,2.92857048983487,1.03672859309767,0.938188601487254,1.02046107858344,1.35754246864988,1.62618440519382,1.24832912623646,0.68541413720611,1.39362338481653,2.14636331434418,1.83864499924073,1.21555006352234,0.877890631433082,0.496009705398037,0.694054074552171,0.616786494701178,0.713009128796581,0.935831844182045,0.570406629945623,0.433911843451817,0.635178077881117,0.488753977454404,0.727748398687259,0.705878794916495,0.773791780600723,0.824654421739866,1.05244347250421,1.48574207597089,1.08491970061652,0.563585349481059,0.549367062065417,0.537884551187897,0.381237305678926,0.218587189523405,0.162143395391657,0.0393499199158604,0.00834941349180457,0,0,0,0,0,0,0,0,0,0,0,0,0,0,0,0,0,0,0,0,0,0,0,0,0,0,0,0,0,0,0,0,0,0,0,0,0,0,0,0,0,0,0,0,0,0,1
18.788648056717,28.4416284049272,7.61958482678862,1.73576585894723,0.95290131854628,1.78134889913849,2.31031251466298,2.32705553443863,1.82264881542118,1.7847654846646,1.68105090135424,2.18467292788014,1.7248679298174,1.59282219061792,1.29216811121913,2.91486237374751,5.17062604402255,2.22867109458058,0.776923570134866,0.8810396750659,1.52786878429496,2.43906481400993,1.50535423002387,0.520588799228561,0.0622344831570167,0.13357235322586,0.481152037621894,0.509899395434584,0.76704738563221,0.819664512632688,0.872090562513921,0.349230129970441,0.122301409510219,0.342804988640627,0.516470457993327,0.738323690069936,0.542891359798647,0.604892025309451,0.564016239198317,0.839917924134908,0.957839956697404,1.61934774920675,2.16504383434512,1.66867890331777,1.70015324402855,1.49868548945345,1.13168795420113,2.03702743543204,3.38494429404236,5.08719333131788,4.46683015355765,3.21857879250506,1.86991926081627,1.73743759811789,1.73149850480694,2.28027527107238,1.79664847258712,1.11826805645327,0.63749976909494,0.386040903393211,0.291498540575486,0.296112092052879,0.33304420833995,0.657617367007409,0.668258695283494,0.882612132944994,0.54764607231721,0.310693125581327,0.127369541543615,0.0801779721720956,0.0475372452482569,0.223001290737897,0.0887087208265443,0.106240752429271,0.074438198027437,0.0800956204167465,0.0152862462873291,0,0,0.0125723212576125,0.018902322793998,0,0,0,0,0,0.00291596524131906,0,0.00326667359774385,0,0,0,0,0,0,0,0,0,0,0,5
28.5925180363017,25.1716315491035,12.898292728619,9.22194304269416,8.47069726594473,4.7240756274972,4.35589737662162,4.87275295734319,4.44635078311695,8.30030948635905,5.0644177970506,8.30121809277217,5.96737540942229,3.63311600798072,1.46467354677584,1.4561047823584,0.96326629198015,0.639771816766783,0.524868977849071,0.510495825018389,0.378381793017303,0.28624414945442,0.286682411839699,0.133008372007568,0.26996615332225,0.0935473164839455,0.0542215211799317,0.0135542965367404,0.110937450557749,0.130990521444184,0.130009551177339,0.013909576197372,0.0207739501275546,0.0116748752477715,0.0163455876091468,0,0,0.00354918303188743,0.00644771328184373,0.0110140284084896,0.00337908617811721,0.010314123590351,0,0,0.00305094566421223,0,0,0,0.00314055498698509,0,0,0,0,0,0,0,0,0,0,0,0,0,0,0,0,0,0,0,0,0,0,0,0,0,0,0,0,0,0,0,0,0,0,0,0,0,0,0,0,0,0,0,0,0,0,0.00999800714687401,0,0,0,0,5
18.3596590559505,28.2275379440792,6.97882484934679,2.64068127441791,1.62508364177646,1.43889116317271,1.66631789515235,4.31883292833339,22.2970495759444,11.0502819397332,12.9936107583746,8.38020265706973,5.22447488411675,2.73152810663011,1.07659793646141,0.812613786944252,1.4378155800184,1.21067344110393,0.672907923715852,0.447899100969671,0.575002271111925,0.833152683796539,1.66084462648833,1.43402848172174,1.03344476617248,0.419958520044935,0.464552095146707,0.518595783888198,0.783725091229349,0.824495882141816,0.704649664055647,0.76165947010954,0.835869629793998,0.721313203175611,0.596534682716646,0.525826029628664,0.605634538478149,0.568306128071258,0.351751152694913,0.355159044495678,0.355877725885465,0.481567750481909,0.456496469197173,0.450247240841689,0.331475756581079,0.335437060806215,0.339094684862196,0.417138269052502,0.408881139594541,0.297200461753902,0.177400874268012,0.208547950762915,0.062338006156305,0.137525718913872,0.125788372487016,0.029185815469704,0.0126220351156274,0,0,0.00266892245665815,0.00606830600893364,0.00978076248479629,0.00269211475600996,0.003329071745077,0.00284837115245136,0,0,0,0,0,0,0,0,0,0,0,0,0,0,0,0,0,0,0,0,0,0,0,0,0,0,0,0,0,0,0.0160992999288808,0,0,0,0,4
12.8324031124521,11.6411078768032,1.57116116745558,0.752627405849774,0.518084668486941,0.458375431669461,0.429119506368032,0.715939877093539,2.01158074789721,6.96187597163678,3.71696873992105,7.78003816721899,7.82551803322397,5.04182546016723,2.02069985325843,2.09895026580345,1.82290560343402,0.571798280153485,0.328678889243727,0.504684378742539,0.816074743689959,0.844595887117723,1.30307941308,1.60576911823665,1.54760657533761,1.09479326037658,0.488911584490283,0.86511073913937,1.12589190700756,1.26616366509455,1.02113608576725,1.31041485667428,1.26844148859926,1.07918781312329,1.09475511479941,1.0021683112574,0.912039587125803,0.62627047011984,0.552102949651743,0.491991350491528,0.52058488158944,0.64032994875012,0.912365202432532,0.842146493614577,0.84600338921036,0.544392803260008,0.544152407386258,0.525703891212084,0.525299683975503,0.528821312763419,0.446601328885156,0.316982704465365,0.355211809653041,0.223285767541748,0.331333058154702,0.190464257503413,0.121249744639963,0.0587869823568251,0.0272757627347674,0.0414228930681095,0.0305208726999458,0.0426076396536733,0.0135038634789949,0.0359432486579626,0.00336761290676712,0.00639658761045016,0.00349695940017323,0.0137531063078619,0.0106801282013065,0.0115169751480191,0.00370050777868731,0.00698250493114038,0.00964055070124093,0,0.009876596605024,0.00382567240910012,0,0.00679993603470037,0.00313257696912355,0,0.0134164014347895,0.00793822861398625,0,0,0,0,0,0,0,0,0,0,0,0,0,0.00970245262740803,0,0,0,0,4
13.7867692278675,10.5416966284868,6.8273874600814,12.1693283726305,16.1912002145677,14.0509375407546,8.02728321871534,3.18931947734536,2.28743526176988,1.58060056159694,1.10773048951455,1.58083358651706,3.41854652665545,2.58918455093621,2.58373502990363,1.5629876977938,0.35614066606197,0.168276480686733,0.22018053036007,0.461065781852044,0.403868414580979,0.494063572852863,0.367954834777899,0.00567947991830064,0.0207642875096525,0.294306045808832,0.37575085473533,0.343512613344518,0.658327508182212,0.0784113942403741,0.434630713880078,0.421998493275231,1.03644252482977,0.818079852651844,0.573887788504487,0.066560443796939,0.566406895576419,0.878782505585011,0.911959647226809,0.565043851200659,0.931803052050735,0.595177496004929,0.46497084177787,0.571655434548666,0.569275511718467,0.848026911156741,1.27660874176585,2.14670350042319,2.81845438456181,2.24817156956988,2.0688348359913,1.76846579381035,2.13829107686817,1.88304856017955,2.1627712168278,1.79984231419178,0.939378274533892,0.935831001183656,0.898950492934825,0.76487520800026,1.24075209764964,0.713683088822056,0.452937278870931,0.248957840189936,0.168454982301486,0.262470232195839,0.269144409777293,0.173664456465689,0.163811889272986,0.276970391854309,0.125768011766239,0.0895812426729882,0.0948173851349545,0.121599729176867,0.159587258766738,0.0215147726003215,0.0103855794015701,0,0,0.0664955545536912,0.107919209440678,0.02842065813074,0.00576720334210305,0,0,0,0,0,0,0,0,0,0,0,0,0,0,0,0,0,3
7.43337269051408,5.47711373744521,1.58251014679286,7.36019458748076,3.34959114041641,3.62587765438381,4.52354524646791,3.84845932673492,1.32615341606062,1.61991936222236,1.21055505601068,0.910062348564899,0.401316445600885,0.591710200911215,0.850562630480146,0.827867375953957,0.69388083133714,1.1223508377385,0.550239096772034,0.253641346616734,0.693665436518951,1.27137973284954,1.81027850384769,1.27322568395207,0.307706006421874,0.051214140801825,0.0182839612194301,0,0,0.00567567298020277,0.00615054970980132,0.00615039316257631,0.0132863147315028,0.0539852721117964,0.00786109502287415,0.00681061941397145,0,0,0.00632608641029607,0.00725410006623235,0.0293728403415016,0.430207823505421,0.700401352583843,0.756535839041189,0.625859456147545,1.14453175190283,1.15303287707391,0.733489735910313,1.42058181716269,4.01743033214915,6.01607427574654,4.80424567037717,2.08156434740392,1.83027452517117,1.71733419608637,1.30681655451459,0.698638127887543,0.249131977614632,0.363460316998183,0.282187114537538,0.561561657615035,0.733251979413346,0.370977386201186,0.297661362810759,0.156561559956683,0.148834801489378,0.206360734242647,0.124629222744194,0.0278162145212024,0.0696995187359625,0.0722334499345046,0.0121501965984273,0,0,0,0.00600749510065531,0,0.0179300056023239,0.0058913757312741,0,0,0,0,0,0,0,0,0,0,0,0,0,0,0,0,0,0,0,0,0,6
17.1344252980008,67.1473091153481,29.2805292225827,10.4459973152191,9.24036677501332,9.99818634249294,7.66586494654956,4.70722608724101,5.33039242034078,5.04037482556384,3.32007714730694,4.65615200407842,4.60932553056777,2.82557589210767,3.66613264796854,3.37962501157644,3.23513486693072,7.15096988669456,6.28162956836439,5.96746383726521,11.2729710560897,12.4332234950128,11.9320742954112,7.35727293928931,8.12169425339725,6.09251680694069,4.00078416914608,2.97655681551097,3.49163931787871,4.26901981632486,2.40256354939191,1.5745636848172,2.0547373725818,2.86419723063785,2.04619735851662,1.77913523211673,1.5700757795376,1.68980975104131,1.73691633890743,4.41182861864315,3.31057493271126,6.97679627483955,6.96767915706169,9.30778121601761,8.77999042133576,12.6181811924548,24.1836182511502,24.2572248365217,17.2856233643098,13.678663034805,11.3086078866249,5.82988093101503,2.00906817702946,0.410135363730095,0,0,0,0,0,0,0,0,0,0,0,0,0,0,0,0,0,0,0,0,0,0,0,0,0,0,0,0,0,0,0,0,0,0,0,0,0,0,0,0,0,0,0,0,0,0,4
13.1618035228703,46.1983422865042,11.8185213759913,4.90565296722283,5.5682448316287,5.56372627139429,3.27803248089361,2.68975314989718,3.75214624838657,2.5877775866382,2.739224261991,5.70580241236409,3.86960955401726,2.58691285075779,4.20302813476259,9.27738018654734,2.99451498658897,3.79342323649769,3.14755787072785,3.48921932656497,5.83853573214281,10.3314082749178,7.07333746743398,4.27167849408991,3.22104422742119,2.20560205735564,1.27249152502178,1.53907617480477,1.74346356537619,1.46173320601304,0.882184079296655,0.559322169939769,0.906916456536453,1.0734848782046,0.831226717748203,0.503240645134249,0.597833761491616,0.520464904986332,0.632161731433952,1.51913535701769,1.76346651214079,1.4775162417487,1.54632025639928,2.5216654158302,2.76237002741999,2.80254121371369,2.88599265216077,2.63882566216211,1.67035664893586,1.25548625193793,0.759810885843277,0.476325849795832,0.181250884387768,0.00370951923772185,0,0,0,0,0,0,0,0,0,0,0,0,0,0,0,0,0,0,0,0,0,0,0,0,0,0,0,0,0,0,0,0,0,0,0,0,0,0,0,0,0,0,0,0,0,0,4
9.2003406051192,25.9600901535284,7.39392802060537,4.52816726637119,3.21672075594885,3.94257650303479,3.21917231002379,2.58212957333742,4.46330609042317,2.47322040204935,3.86947088441114,9.57594360756272,7.03656735157735,7.55547965398362,6.11471091075469,5.59799528045846,4.11194797743228,2.31194494562054,2.49892680851796,4.55161182102512,6.8730060762142,4.50113373805991,7.57495580590238,4.73572982181116,6.69986458380617,3.75016944107943,1.56701132431324,0.958696469955081,0.976084558781263,0.827887754265934,0.674138044565871,0.674073913012468,0.316235300063939,0.278080132477098,0.436349147885419,0.35823310707319,0.481110784860912,0.354896286784461,0.586323043255679,1.26410065847719,1.49834678593986,1.34507240259008,1.16827617789427,1.14209621795587,1.041434620362,1.23008978362851,1.22480665800066,1.02148385763579,0.595888683823169,0.899981847561913,0.662767442780653,0.216498838078822,0.0205034110586561,0,0,0,0,0,0,0,0,0,0,0,0,0,0,0,0,0,0,0,0,0,0,0,0,0,0,0,0,0,0,0,0,0,0,0,0,0,0,0,0,0,0,0,0,0,0,0,1
25.2420712576205,25.8109189227335,9.48598782476813,7.88639883721763,6.37256273656832,6.46425644639582,6.34163026030013,3.74300616749601,10.1556402924081,9.49740894553173,8.53791472155048,12.3154746195255,8.83466762417234,5.46270522960148,2.3290595533629,2.46234204932424,1.57768212549238,0.61622415260559,0.664333411972466,0.501815923331482,0.419884651082651,0.172676710837692,0.0675832996828887,0.0781504154154187,0.112048687767497,0.104624233944933,0.0405021548695218,0.0647370104665974,0.063350800829333,0.212154944455604,0.338000075595976,0.190549390474066,0.102259823320988,0.128129366852974,0.49762421228792,0.199933558939127,0.055254743025142,0.127385353255315,0.0977837391958377,0.186688115990941,0.305363124806207,0.106744243593108,0.0178268430183301,0.0085603854207314,0,0,0,0.0389426093911187,0.224647945729296,0.0289059898989935,0,0,0,0,0,0,0,0,0,0,0,0,0,0,0,0,0,0,0,0,0,0,0,0,0,0,0,0,0,0,0,0,0,0,0,0,0,0,0,0,0,0,0,0,0,0.00965300513570854,0,0,0,0,5
50.1704914242181,54.0060309718629,27.2959353345163,21.2534246623778,16.5133628523129,14.6552436436767,12.3259745918819,11.9023819421558,12.0191372058953,22.4961907983476,13.5333609861171,14.7220680386772,11.1233253340833,9.87206004435254,5.98777489132082,4.93526798172018,4.58479865409194,3.54650801862729,2.61571723086813,2.00152594514746,1.92244213279507,1.56851877107291,1.79792081355035,1.42738579967784,1.37334886141833,1.25958790642885,1.13453048613811,1.24605656116124,1.0484805286651,1.07624753791548,0.614283083221494,0.599833341448616,0.674409727655601,0.939292693528138,0.584763717256342,0.401786614375927,0.485442357120318,0.563566252248471,0.556165059839922,0.623565441817691,0.590511866359987,0.277244934535182,0.234481295745586,0.295528838224888,0.268477098765735,0.202296890816846,0.24305047228535,0.302892961031172,0.176896947122787,0.115978020895803,0.118725711940927,0.112251181602955,0.0681352427701272,0.0309916963095708,0,0,0,0,0,0,0,0,0,0,0,0,0,0,0,0,0,0,0,0,0,0,0,0,0,0,0,0,0,0,0,0,0,0,0,0,0,0,0,0,0,0.00940278688700067,0,0,0,0,5
12.8197433503441,15.7524125533457,5.4863272225944,1.29404185769754,0.718647467121677,0.822582152485179,1.75488492278698,3.73424688670186,2.94345095628204,3.14006147682043,4.04387922082418,3.40703980792373,1.97659646751551,1.16919368044114,0.987777946045495,0.366276592993061,0.183018118011584,0.0692700077294718,0.0318766744904532,0.021204289452491,0.00696693075438319,0,0.00708266193377557,0.00253920753540854,0.00577888629765542,0.0164710360076547,0.0275579629187006,0.100497581670639,0.185522104110989,0.0473779898617701,0.0103909943786511,0.0194230380604923,0.0102397883555365,0.00757485879997047,0,0,0,0,0,0,0,0,0,0,0,0,0,0,0,0,0,0,0,0,0,0,0,0,0,0,0,0,0,0,0,0,0,0,0,0,0,0,0,0,0,0,0,0,0,0,0,0,0,0,0,0,0,0,0,0,0,0,0,0,0,0.0107351841903899,0,0,0,0,2
7.77811437307737,14.6488586499078,35.7037935646715,17.99213615204,10.4910224271689,38.6213891794924,8.17323996620407,6.17203617753588,5.7740377636115,4.4232012736794,5.08207004752739,3.93585833089857,3.10817960356053,4.30694752297532,5.32077202977302,3.5301031772261,2.6243025787148,2.29327711345993,2.02328184079945,1.85368662198067,1.15344952627856,1.17469811137792,1.87222587556312,1.40726053354543,0.783537610804186,0.979040011842567,0.560954500174975,0.520231919711471,0.504796368736186,0.508515708444906,0.582289961497188,0.409467293981936,0.234295670372154,0.31339313964991,0.295472312928627,0.444805533837437,0.388700185561046,0.31186475446854,0.300830325728936,0.386261226795436,0.282969439833232,0.377742666684543,0.288155491879372,0.343353723900333,0.337243630445233,0.412834672196945,0.258118655254429,0.386581944693732,0.224633365422004,0.198683223133001,0.131797514574798,0.050868269004825,0,0,0,0,0,0,0,0,0,0,0,0,0,0,0,0,0,0,0,0,0,0,0,0,0,0,0,0,0,0,0,0,0,0,0,0,0,0,0,0,0,0,0,0,0,0,0,0,3
15.2434727827082,41.1876484486679,24.8002451841264,6.92028610579887,6.28513475114527,9.82614718541657,8.11428768249406,9.53322020507791,8.42697911145721,12.1062962997157,10.9568264221505,10.993460026761,7.95030601476845,5.47718985292358,5.79770780535932,3.16499639525697,2.61915811357135,3.35591531164163,3.10051706040279,3.88258574327175,2.70027943664397,2.41093992264387,1.7874300737557,1.59751092931109,1.26670392867316,1.03704425802145,0.816802743073932,0.613700647691189,0.566828134138868,0.389174715793054,0.370008243005745,0.313662215517666,0.344753937250508,0.296548049020164,0.300061696342535,0.404797824304233,0.251241977044014,0.322978841773593,0.352409114455446,0.201886625649634,0.254676300109104,0.292316695306947,0.313682286909473,0.41174125775219,0.480103292378034,0.505175456762952,0.568092725653663,0.541503019170584,0.436707387591403,0.397519857435535,0.250185848632411,0.0892575621610787,0,0,0,0,0,0,0,0,0,0,0,0,0,0,0,0,0,0,0,0,0,0,0,0,0,0,0,0,0,0,0,0,0,0,0,0,0,0,0,0,0,0,0,0,0,0,0,0,2
19.471639808812,31.8953991710667,63.9152966822448,31.2225192984768,13.2289529088725,20.8487634840669,13.6057797612658,7.12608121180016,5.96882531920485,6.07985859285873,6.65369002336605,5.01272363178942,2.72206527453992,2.86567234159395,2.30540202650734,3.39959093926935,5.72191169721438,4.53030857219999,2.12636380863936,1.51773650471402,1.20726757067346,1.23104607272014,1.25162687415881,0.904637113880036,0.779121948810577,0.610143238564008,0.388487582833186,0.345317457708255,0.398486235820897,0.468207137255046,0.423099260065603,0.291240963776549,0.264105181646683,0.266873557720769,0.289790076365029,0.277729340771487,0.233593234101922,0.201437828776363,0.231003068071631,0.209690583380761,0.155665332990112,0.203901894165425,0.261163851844849,0.472054127240914,0.693542987197225,0.555178738650661,0.426676188896432,0.379652022150255,0.43337716780606,0.303189826561787,0.186613746317011,0.0427545732991175,0,0,0,0,0,0,0,0,0,0,0,0,0,0,0,0,0,0,0,0,0,0,0,0,0,0,0,0,0,0,0,0,0,0,0,0,0,0,0,0,0,0,0,0,0,0,0,0,6
7.62909653600543,8.46494258306871,0.707367106305228,0.360983650447329,0.270090518698819,0.26700633953178,0.19713619235986,0.100653026432023,0.253537918760508,0.70975374843606,1.25478158329974,0.832341783648557,1.99405485370198,2.06799419626497,1.59620220188523,1.39541372174805,1.0503138422248,0.519594557870622,0.56436232005501,0.524727670146556,0.501417304802019,0.40460521144266,0.29138221020047,0.128776401912245,0.0645620395461992,0.0327941470027209,0.0278030249091402,0.176376274171699,0.0729394904082945,0.103996369436677,0.0572702422608381,0.0183985734106131,0.00379327035598324,0.00393886597097333,0.024857227280137,0,0,0,0,0,0,0,0,0,0,0,0,0,0,0,0,0,0,0,0,0,0,0,0,0,0,0,0,0,0,0,0,0,0,0,0,0,0,0,0,0,0,0,0,0,0,0,0,0,0,0,0,0,0,0,0,0,0,0,0,0,0,0,0,0,1
21.2256653675426,30.5853494283538,51.5235426018069,33.4001936095902,15.3618863021545,20.66634562693,9.83079430280885,6.93983434711062,7.82558827817444,7.57499169158261,5.31360266603955,4.98559831115166,4.34145735682241,3.17579007993684,5.32881293455694,9.8221517447781,4.20314742921783,3.0824375615784,2.60962922991299,2.36640550119609,3.30185854113286,2.50580326575986,1.52887748486247,1.54753889975533,1.65660364604365,1.24440552970586,1.18654706021848,0.985810742305279,0.912435334438162,0.76959789837207,0.826118013288621,0.899540675699709,0.732487370904615,0.670139031779717,0.636934424566893,0.717534686516892,0.698005345074979,0.6070172621173,0.50929269463268,0.613997714065237,0.682874173782577,0.814126969326192,0.984201321920965,0.906503397117539,1.03614789789534,0.956113789084312,0.943254612622606,0.910268224273853,0.87624138577173,0.823100165565409,0.849556511940218,0.422527911733243,0.19674940004066,0.0373407176145053,0,0,0,0,0,0,0,0,0,0,0,0,0,0,0,0,0,0,0,0,0,0,0,0,0,0,0,0,0,0,0,0,0,0,0,0,0,0,0,0,0,0,0,0,0,0,6
16.0072099124095,76.8621731287215,26.3988216432151,15.4058435593273,12.4141984260787,12.2489087007454,7.58532680455502,6.36434178936918,7.20605597700994,6.24447758418387,4.75769522551241,7.01518559481982,4.12661915710658,3.41059138677393,3.31022000951958,3.5771555461718,4.01653904815791,3.63997128588677,4.80743874876807,3.96438906519689,6.1562553277366,8.6130877896576,6.50206743591188,4.21953687162397,3.29252074212392,2.53295267035686,2.04750174425357,1.75060929736122,1.73325905387189,2.2427880722744,1.69959356858658,0.719328748690992,0.629470278411168,0.835930274795865,0.78762256624333,1.03713839329077,0.978125872084494,1.20640182129281,1.48339645336311,1.38245487790359,1.30685443028838,2.10225226481676,1.29098473241662,1.33666292847391,2.09398022859103,2.39134730541376,2.43886374798103,3.77662867440237,3.41419155264252,2.88057020561582,1.65034157621807,1.06074022635766,0.456870413921298,0.0238728535174784,0,0,0,0,0,0,0,0,0,0,0,0,0,0,0,0,0,0,0,0,0,0,0,0,0,0,0,0,0,0,0,0,0,0,0,0,0,0,0,0,0,0,0,0,0,0,4
12.331066444575,10.0631230066721,6.02680558654087,10.5133963885256,10.5211489287722,12.1828716954505,9.53651749382306,3.89860140533465,3.18420022984318,4.74205776735078,2.16499536795784,2.49136233069436,3.07012135750511,2.69695122625263,4.04438412759033,3.37458244720555,1.16826585028925,0.585973016825895,0.160057294603158,0.540419587180377,0.643387875111766,0.369439125558748,0.159947841194819,0,0.0488605994879967,0.311057897802505,0.390306544399136,0.825547826712283,0.546724953674499,0.27428998526435,0.269589730911127,0.210959117522597,0.659242534406104,1.43809779534215,0.812558976679365,0.518103515066688,0.262188334266454,1.07388628210366,1.47445860229218,2.54421365592794,0.461667708331831,0.385967300371882,0.230638895859051,0.355885781561598,0.731485910539955,1.16991551996223,1.72028764551619,1.12440120391573,1.20712428735,1.3710148236557,1.13202240992479,1.06930010777321,1.47746849232893,1.84224369884943,2.23847845453413,2.42383142627251,1.86783207728744,1.64228912815829,0.833499205544136,1.28338627691903,1.05219178984807,1.25613338963086,1.44332505347153,0.859713660268028,0.278984618888156,0.855737719211925,0.939089666715077,0.569844686053127,0.451910463513626,0.567527014401525,0.33440873613923,0.142740685771316,0.0411823655648082,0.123765179995936,0.232115434365416,0.396318656128772,0.0628980259334272,0.0918637608344652,0,0.0948593255291394,0.0907084313062609,0.242269817328259,0.179109337100967,0.0063448294441414,0,0,0,0.0674183193216483,0.0269016724124213,0,0,0,0,0,0,0,0,0,0,0,3
5.38269375672146,4.77970738093601,12.5818548647311,20.6678537383393,6.47818017490633,13.2553806069478,4.41185372494272,1.59745911359638,1.32915145854261,2.03314469689478,4.305455459455,1.78023031406621,1.7647283971322,2.90945156119403,1.33517197733328,0.776883038652359,0.324984763863369,0.0541999063009648,0,0.0042568096706177,0.0175214246710825,0.01325992447702,0.00451986440020549,0,0,0,0,0,0,0,0,0,0,0,0,0,0,0,0.0186180230782229,0.00785150469906996,0,0,0,0,0,0,0,0,0,0,0,0,0,0,0,0,0,0,0,0,0,0,0,0,0,0,0,0,0,0,0,0,0,0,0,0,0,0,0,0,0,0,0,0,0,0,0,0,0,0,0,0,0,0,0,0,0.0130330371572424,0,0,0,3
14.4848955331269,23.084043326979,4.68707946145243,1.67268526236941,1.2090537927484,1.08787614769214,1.39388250047319,4.23205381635208,14.421437752195,5.55440476845455,6.45444583094274,9.82415410708221,5.26369746650812,3.00141109058827,0.811984091606802,0.843672160798959,1.28939809010945,0.778432852704709,0.282324212854855,0.159757291452423,0.446640871265551,0.56101234487466,0.981875372013991,1.03791187005175,0.968545439721818,0.66634120036982,0.593154972814071,0.699906649408175,0.619297200467004,0.863160634087027,0.762491936257386,0.757311643773013,1.02215819111457,0.960464293398226,0.751853187515431,0.623843364856635,0.567794374961975,0.400478785410505,0.367051590943226,0.446206018180345,0.378727313406146,0.569042151043228,0.81159741535415,0.596708965799004,0.719539699509537,0.626733298537368,0.430195147474814,0.529483458022259,0.420896737221899,0.371474037580183,0.298543502565735,0.284693932825407,0.190880750209133,0.234339029156253,0.175118646937302,0.0629323753663099,0.0126807069805073,0.0424075451314937,0.0199523024917505,0.020544625784686,0.00559704790585956,0.0323646678723004,0.0192677749716315,0.00475551471263969,0.00391247654310455,0,0,0,0,0,0,0,0,0,0,0,0,0,0,0,0,0,0,0,0,0,0,0,0,0,0,0,0,0,0,0.00954143135406307,0,0,0,0,4
19.5469841195492,22.6046079847666,9.75497539363051,1.8215823022341,0.925585843278744,1.28656418264459,2.70085416974429,3.41766271212897,2.92082637580511,2.13770126051529,0.915058070068855,1.44555520601207,1.98975370816237,1.35474184479583,1.34703269227267,3.84646762310523,5.16098263912395,2.14589219268081,0.508924814148432,0.711855842396218,1.01241198215032,2.10999290537861,1.34008534383285,0.360416799149711,0.0134447539665066,0.0148153095233801,0.240261436348956,0.164447509966741,0.787369338591094,1.01379873547594,0.628757119250684,0.0532129262988874,0.0704898073279431,0.39068970351832,0.27540706776605,0.382691020601621,0.472463661153163,0.586766657179606,0.49269494813054,1.21098540348008,1.3235225784307,1.85781312339188,1.41893078017684,1.5241320646378,1.75370735022285,1.89174728513497,1.65177750484463,2.60590991599607,3.18932751445305,5.62153357307558,4.23510552819666,1.89285598041544,1.56046154164837,1.48062549478168,2.03831397391329,2.00308126395626,0.93120107994138,0.688321320484271,0.582247756227437,0.523261529202887,0.702401435764643,0.404403243009087,0.95529652151367,0.672377893158274,1.07713576024807,0.652299207278838,0.371037289489257,0.103842554759059,0.201218742781414,0.136482135365051,0.218877058156685,0.112332261263228,0.21510825259986,0.0779933499385977,0.0272020057734331,0.00565833348322956,0.00540999984863269,0,0.0057316486337677,0.0117736798607699,0.0112497585832245,0.0188952644367057,0.0030104568820647,0,0,0,0,0,0,0.00267755257829979,0,0,0,0,0,0,0,0,0,0,5
21.1334645514241,30.241492796688,7.51181100935007,1.28556268434062,0.945194214888414,1.49601837347146,3.17348856252058,2.73562566024021,1.97089482150916,1.62908665131549,1.14951626187812,1.03323858835473,1.30175816312945,1.78503776830831,1.37848084538827,2.64524558987678,4.64566958172719,2.83768783417221,1.01862212888745,0.753788022935204,1.2995444555958,2.74318694359639,1.69585798286979,0.698963985531802,0.171500831096928,0.11843706986642,0.435672138045192,0.94362272950225,1.47647535226668,1.39256656158082,1.71851240434958,0.750348245416591,0.157440167162055,0.534164525346932,0.969511409777138,0.779785522774476,1.00189930015263,0.801993077358851,1.11196427641391,0.575588944796333,1.17240928751088,2.11408723831976,1.95385333292108,2.53411519515149,2.54504344623675,3.17535485244012,2.94122506949691,1.38087340562592,2.78573234609293,4.59564751105123,6.63877062345511,3.82037885412575,2.55168783396377,2.11654571621311,2.14385366797177,1.16991779626988,1.13895508476946,1.1618174366752,1.71223484420331,1.37462922991194,1.19752171923977,0.832389728616556,0.445150950912638,0.572083294437078,0.668185779789584,0.697109657839681,0.513923147485453,0.360598259481108,0.205586522042197,0.253680464833571,0.098052596854137,0.163784732608752,0.238400875329992,0.160258877539611,0.203884695369482,0.175180582378022,0.0901391334020182,0.165595303264978,0,0.0742333486845741,0.014328204584013,0.03743310829835,0.05919748420192,0.0254536553482774,0.00681140248703368,0,0.0036257545823525,0,0,0.00689498551270273,0.0185927266723009,0,0,0,0,0,0,0,0,0,5
27.8248646883149,57.6022781780099,12.4848408368647,6.14357880566374,5.55175904392293,4.67943273930271,3.75328511358772,3.73004530743285,5.32655743915961,6.7247107948145,4.48548987607396,8.32980476394569,17.4692749856571,7.97818210958441,10.3851610356379,7.26022093678005,5.81510218759097,4.34659365392264,2.44713942595899,1.9972701182127,1.43770370561756,1.17820695080279,1.67541381491417,1.67510652422398,1.73535871128793,4.08332086744854,3.42402206012672,2.11289112822336,1.5950339057554,1.26808712563212,0.496948395562195,0.554277312625874,0.568805550273321,0.699301138195976,0.500464540021641,0.569429767543072,0.64778953700763,0.663751761797878,0.684199011983228,0.656002434350242,0.730180028550469,0.5774325275696,0.621236386840952,0.594627726011198,0.799641879737383,0.790396116006218,0.880542829917336,0.817719765210404,0.624630578907127,0.480385259776609,0.313291032720767,0.249492477461905,0.0171748163452739,0,0,0,0,0,0,0,0,0,0,0,0,0,0,0,0,0,0,0,0,0,0,0,0,0,0,0,0,0,0,0,0,0,0,0,0,0,0,0,0,0,0,0,0,0,0,0,1
16.7878348109781,15.0978369129881,8.23997542980403,1.45734090098699,1.13498837643965,1.86209667324504,3.86762479195288,3.37858629345797,2.20202020155765,2.58025248951467,3.89027305964089,1.37146862256693,0.685383308597532,0.402108155708023,0.563257126507373,0.393712702424684,0.259625084237425,0.199070454405147,0.092329564591087,0.0245761206637088,0.0281703880726337,0.00497216344411517,0.00775268937369396,0.00220309190167846,0.00235028644635761,0.0105804358223338,0.00724551719810609,0.10202998946115,0.0680084934916046,0.0275782543192047,0.00247476363275696,0,0.00445984024240389,0.00231600244734398,0,0.00415127875978088,0.00223404621927027,0,0,0,0,0,0,0,0,0,0,0,0,0,0,0,0,0,0,0,0,0,0,0,0,0,0,0,0,0,0,0,0,0,0,0,0,0,0,0,0,0,0,0,0,0,0,0,0,0,0,0,0,0,0,0,0,0,0,0.0173746671353395,0,0,0,0,2
21.324160070835,24.1393471737671,6.23345527063529,2.68377591667359,1.89476669062817,1.34011199585695,1.47611355954991,3.56579703305666,18.323466822268,8.61628718193099,10.1599491057421,7.19774485883358,5.74831784132124,2.69345618013822,0.928320032268488,0.790058839632183,1.41515845459338,0.646694895948221,0.494494192898061,0.361741805737163,0.379001074598839,0.592118406677082,1.01624378102516,1.22938630575917,1.00886497634938,0.714437887586709,0.412899718528653,0.753422442360149,0.665577389398295,0.821056819636149,0.754472906429752,0.707319802791342,0.898159463613185,0.866323984764772,0.786123127126984,0.660035509222507,0.495470479422007,0.479789957545966,0.427185359457539,0.341338348321014,0.4233922885671,0.664271508047653,0.52970504746154,0.742863555786489,0.537353961331912,0.612452710099773,0.504226378582522,0.487030889897253,0.321191604434992,0.35206841490647,0.298017551096309,0.244412103449063,0.146417829795661,0.245622921057767,0.133730180022942,0.0760974406678468,0.0402677973975103,0.0197306431427386,0.00793089722356218,0.00532009784063278,0,0,0.010529434003523,0.00874835355611779,0,0,0,0,0,0,0,0,0,0,0,0,0,0,0,0,0,0,0,0,0,0,0,0,0,0,0,0,0,0,0,0.015079968979945,0,0,0,0,4
21.007850418676,76.903439172148,17.5744361635351,7.31545136827698,7.67535762867403,7.16295660561744,4.20067379334917,4.14611616886274,4.68018573637944,7.23092555620968,4.09101849833044,6.15682627039982,6.39961686092129,4.44811394578276,3.60418377149055,3.64098654131842,5.97104945834664,6.64247238621025,8.49034891231682,8.27954085512343,17.8631038295802,19.3351481225756,17.6790664489167,9.23971840164574,9.11269882348848,6.59684191367229,5.28650223469606,3.37784405504713,4.35522324753835,4.49385350707732,3.01187982345272,1.53216285999053,2.2314536502901,2.85508449155849,2.00184556198423,2.24572769232624,3.77888827582762,4.56508321784141,5.21108397299168,7.01318402569948,6.60090265426127,3.10446062403955,4.07218675361093,4.66287861333587,4.71525352247865,10.1398789038931,13.5045910536103,12.7537472265767,11.6432985423546,10.1640092446287,6.45485318424052,3.68070492564389,1.74139415885694,0.260610139688733,0,0,0,0,0,0,0,0,0,0,0,0,0,0,0,0,0,0,0,0,0,0,0,0,0,0,0,0,0,0,0,0,0,0,0,0,0,0,0,0,0,0,0,0,0,0,4
4.34352769943772,57.7782664254615,20.627608120789,7.40341431155058,17.6098577908497,6.57115657227894,4.54076067995594,6.66024312146895,4.59680055666125,2.86097228777637,4.09148272645125,6.44508851010821,9.30283345129469,5.67131627908038,6.74058621124533,4.8904808457345,4.26483049091213,3.63131511131206,2.35131435501367,2.12699030290387,1.90344244030806,1.58778321442669,1.8567908836512,2.146879158189,2.25260171650544,1.40730517155116,1.45051666200257,1.54558567771095,2.27598735997234,1.7048298271117,1.0991623618961,0.638945620156298,0.504394545811359,0.319982836456166,0.313756760482459,0.14056559908146,0.101021488767502,0.190751812021881,0.461590230807634,0.487719481979766,0.440279962693089,0.612650989527456,0.678481537226023,0.674343827167193,1.05392225273331,0.744774019804165,0.544815655352476,0.927302445118154,0.630597065476706,0.745924520902387,0.454826537194241,0.21271774260604,0.0478080846418271,0,0,0,0,0,0,0,0,0,0,0,0,0,0,0,0,0,0,0,0,0,0,0,0,0,0,0,0,0,0,0,0,0,0,0,0,0,0,0,0,0,0,0,0,0,0,0,1
26.9485014403252,30.3916248168168,3.40378833734498,1.9301399992569,1.28330004957999,1.0467813855771,3.96058950346033,6.12930576690592,3.52226246174342,2.1651165723996,0.792761556279294,1.33549700611881,3.82433099986813,3.6780734150145,1.80059619394739,1.92705812535352,1.9288287884993,2.00153054937841,2.39196363008745,0.834435553310305,0.917892048175635,0.619490694121172,0.108924274881099,0.0380995917738575,0.0442766031114998,0.242935979348666,1.42602512282764,1.2997441438357,0.425792315205026,0.265668068466387,0.666331007521889,1.08203240647798,0.873051249122599,0.701419459136387,0.376604738464837,0.118212467071178,0.47075413609184,1.5791304747696,1.14482579720188,1.48843664266742,1.62241592600369,1.57839401570468,1.62385496856899,2.05493228550109,4.03002910044988,5.43880931492885,7.18118356535534,9.00254959343325,8.90357483068867,8.58917920578382,5.0476796384911,5.67609537862358,7.20660292992151,5.06447997551279,5.36662186939818,3.64397746563816,1.84076921760017,1.89628245114403,1.62530370435193,2.67329218844999,1.9991964879166,1.49332193046095,1.27655354155408,1.00627164172744,0.592372058331193,1.25428372015731,1.4928408713356,1.31685767021147,1.08216407907736,0.724869211655496,0.197144844622088,0.303569874073898,0.465321850029472,0.459982782924416,0.518345475634031,0.338658273386547,0.0862625442958126,0.0588188613079313,0.107443395480119,0.322791334711575,0.423232790724831,0.248979125082171,0.169837186863185,0.0492862268548992,0.0444371542089194,0.109729807864462,0.111524489588274,0.168417181080654,0.142839349403854,0.067882691192493,0.070939954800413,0.0236258927485415,0.020477330953584,0.0229795980326594,0.0292870424610393,0,0,0,0,0,2
7.37511168664217,12.3166128791838,46.79019000374,29.5068470222232,9.46467268071184,26.6148580068756,15.4043868731535,5.61357622407549,6.33479406155146,4.83744216897223,5.57614198011429,6.78793094946216,6.44114830043761,2.8098312099409,3.88843917276758,3.34277950204001,3.72565990940964,4.0324812775021,3.11793281827978,1.98443130421597,2.45099160582468,2.24223052238481,1.28804910494956,1.15216162976293,1.04995416502596,0.951049063135996,0.892526222596041,0.619323325616022,0.633240892670107,0.807725222155021,0.734748272916353,0.545472306346273,0.387835701483309,0.392339601645854,0.410796379179736,0.494964215666548,0.375205278467106,0.240392263638948,0.296556269896852,0.342597417024702,0.359579312791265,0.338731558335606,0.404329350967649,0.361833869728047,0.673017875121912,0.610985092752775,0.444584346357122,0.29285946121735,0.329954039810726,0.310698119505233,0.25096532313743,0.0682260427243058,0,0,0,0,0,0,0,0,0,0,0,0,0,0,0,0,0,0,0,0,0,0,0,0,0,0,0,0,0,0,0,0,0,0,0,0,0,0,0,0,0,0,0,0,0,0,0,0,3
10.4896961863145,9.90687726398212,26.2485768962292,17.7313978015594,4.4329828401806,8.05602115409513,4.43844807917413,1.13861868262553,1.01739447733289,1.48705361917896,2.43920457965842,1.00769840468073,0.930977861757642,0.425111419053875,0.31258728996958,0.290345094305015,0.200372488213085,0.16393672380545,0.0213768142327353,0.115486656367241,0.0535695135710663,0.0344698927567365,0.00442936153716184,0,0.00398347884964113,0,0,0,0,0,0,0,0,0,0,0,0,0,0,0,0,0,0,0,0,0,0,0,0,0,0,0,0,0,0,0,0,0,0,0,0,0,0,0,0,0,0,0,0,0,0,0,0,0,0,0,0,0,0,0,0,0,0,0,0,0,0,0,0,0,0,0,0,0,0,0,0.0100904698804728,0,0,0,6
15.4073653148892,25.5656904054695,7.12177860589038,2.50450109037188,1.46610437511273,1.19785229973402,1.42758552458232,3.97705046864585,19.2748741113845,11.3346920939964,9.47822622067046,9.05177961357909,4.94234223766405,2.67882591178561,0.8080905348711,0.69316250693978,1.32202576617704,0.737527749389885,0.4166506531294,0.284455335512138,0.412170012776977,0.695584588325968,1.18209807266922,1.02371512178606,0.75476470585305,0.336283018998096,0.841232891868916,0.650351811420371,0.699799584418864,0.846874913159074,0.645798700626663,0.685547573205051,0.771786089845152,0.901963426166299,0.825119980012971,0.611124229501866,0.482576767559475,0.416040891596608,0.403049479280019,0.394542484398754,0.538261327860642,0.603465961056312,0.568282910075703,0.511094250929933,0.456038575787529,0.411591468062491,0.355364268824576,0.381163963255636,0.413246233870373,0.269308072626291,0.144778581444612,0.120920254780774,0.095700062206907,0.115234345268649,0.0828496719524013,0.0491902744894593,0.00921238156920283,0,0,0,0,0.00302320840116232,0.00902425636093966,0,0,0,0,0.00277232009493885,0,0,0,0,0,0,0,0,0,0,0,0,0,0,0,0,0,0,0,0,0,0,0,0,0,0,0,0.0116792880214596,0,0,0,0,4
5.58796397491781,4.90029804308686,11.7985877095736,10.5630215878436,3.54893203660306,6.65344146209731,1.84363086224135,0.773510585446573,0.679197268719479,1.72432378481284,1.208952613822,0.989346069176977,0.716706347872921,0.203144497894637,0.100038612464208,0.0221739118681211,0.0406065852919133,0.00406433283221532,0,0.00397927117465432,0.00464396954754214,0,0,0,0.0081402651198623,0,0,0,0,0,0,0,0,0,0,0,0,0,0,0,0,0,0,0,0,0,0,0,0,0,0,0,0,0,0,0,0,0,0,0,0,0,0,0,0,0,0,0,0,0,0,0,0,0,0,0,0,0,0,0,0,0,0,0,0,0,0,0,0,0,0,0,0,0,0,0.0126828689493267,0,0,0,0,3
14.7750514728265,17.5580891714638,6.57813587785195,0.774374132488572,0.443165940759362,0.658837832588772,0.544989648302826,2.07563346538351,2.21069478166211,1.48064078365481,0.269333005591222,0.501084773463643,1.89184732017683,1.08839164766694,1.37834206652748,1.48193344803714,4.51297714582748,2.74352915597243,0.601599291890062,0.874854122250265,2.45481436930539,3.19450868793504,4.19016550576624,4.73834933401464,2.54202264640808,5.55966342999292,6.22999011663084,11.8288438548068,10.4916982181413,9.61218809582387,5.04990296190368,3.34513492885291,6.93128939060266,7.77737196399205,11.0457013789085,9.42407644210469,9.04532965691953,3.53821202927183,4.91554269454524,6.01421109342061,9.79434557399378,10.1160165666153,13.0916734294365,16.4769686810611,12.9937121232256,8.60601580413097,7.64326685557958,19.1340069947232,29.9324553391483,20.4850054572578,28.4361440317296,17.038200503486,11.6847895056318,6.40383391801249,6.28589556019594,4.9802954595863,7.93844753636331,6.31045165138084,4.62806412147489,3.21446004416849,2.10479577188002,2.03070653983419,2.29537989619782,2.30025958866655,2.19202914751638,1.7485779225085,1.10277881249646,0.773980393955461,0.930435459991471,0.868097680134155,0.707663701641384,0.904708574459412,0.516851169108484,0.519554431422357,0.621045319797501,0.427258157474273,0.306289191643917,0.118892742177163,0.450045288032392,0.273567708166203,0.323393424721961,0.222722866138554,0.259712038345187,0.105664969266925,0.0709873072304516,0.283112037008844,0.267373537714413,0.461460465679252,0.381641682244829,0.367893334942677,0.155518955280485,0.124375153530514,0.40925451969808,0.368182292400489,0.400366775429155,0.183986696753338,0.0296134805213435,0,0,0,4
7.10849975285478,31.7530268392603,6.31715257873642,3.19313139959076,2.93416957966219,2.11735549440707,1.94741366517308,1.64603776228704,4.66424334771061,2.29661384482129,3.40187623067068,6.68125428745798,6.96347051473794,7.60282055138205,3.39291794619008,2.6473014113689,1.81052196107687,0.921816185332637,0.556163127563714,0.554605943923481,0.612410822220543,0.639796366536261,0.866427035584541,0.706222717450824,0.43105701462406,0.465582792671376,0.669946465231647,0.652452384941774,0.223516228211934,0.169337198840187,0.235874623237006,0.134871429139925,0.241353054535625,0.382828988271348,0.23473274590029,0.190994755519369,0.327911678705793,0.198991818627469,0.172290711648403,0.485353625490228,0.479114680570168,0.453550561032039,0.617090283963681,1.13732749587426,0.757481439897922,0.389451475003037,0.246345500297126,0.436536750958162,0.359483257670005,0.271187670760837,0.200747597184721,0.0749618728061852,0,0,0,0,0,0,0,0,0,0,0,0,0,0,0,0,0,0,0,0,0,0,0,0,0,0,0,0,0,0,0,0,0,0,0,0,0,0,0,0,0,0,0,0,0,0,0,0,1
24.3072157782991,21.4041213369065,13.237640988865,7.77324127026119,9.62491471902626,8.62464808557341,6.51607277453199,6.94863561940127,10.4574509484575,8.0826017346939,7.09309895202399,9.15540359277944,6.6021739444802,4.83476433309799,2.19139937650064,2.20837231039422,1.61601084374187,1.00439324957692,0.903997891231633,0.914256866655023,0.696262103093258,0.382674630501525,0.244975279949068,0.291164666489901,0.269201135481262,0.162207178109056,0.109942264044789,0.0767656138339683,0.177941233848403,0.24225495878589,0.225664317342663,0.150445894882831,0.0508073408645981,0.0628893173270144,0.199197988055424,0.0605032937514421,0.0205600424416701,0.103371819815831,0.161832710818908,0.10904132270449,0.10846179846796,0.0326268511608608,0.00618785347528902,0.0127734156669419,0.0329498122671591,0.00947255428224287,0.00319436117855205,0.0662036295626302,0.134942931140582,0.0392588266408677,0,0,0,0,0,0,0,0,0,0,0,0,0,0,0,0,0,0,0,0,0,0,0,0,0,0,0,0,0,0,0,0,0,0,0,0,0,0,0,0,0,0,0,0,0,0.00974902152745681,0,0,0,0,5
26.2011448085089,24.555889218465,1.84170490904032,1.04091971654897,0.483086856735785,0.540988968776171,0.512399960365805,1.06179763072007,1.48931647764465,3.00802708847258,3.56279157342427,2.60210683998313,7.16914408008858,4.82618708967818,3.56337541777503,4.361546376783,6.94935896688563,5.22934573659594,1.77151637936089,3.72271329508885,4.83371869786762,3.39729118585145,2.35007773062965,1.26569339348605,0.429917114042725,2.34908771937652,3.34378394503476,3.34112727708663,4.48178232666793,3.47236511201645,2.01403742743466,1.76728780851746,1.57049236586739,1.68565163860636,3.36061625787,3.10684350733591,1.93853601932457,1.74629049053814,2.23685078011741,3.45930808831451,4.43933561099669,4.13694996963502,4.08415131889306,3.67565824328359,4.75234240247318,3.60731695278362,2.73022514991415,5.03373234992774,10.1841933740841,10.7776296393621,9.84570906975851,9.91789320466889,4.89910767536047,3.55433735876446,3.67824070889489,3.56705031348275,3.32414980273083,3.07053593820626,3.34870694413335,1.63603870464229,1.39691702757565,1.57022763390506,1.79316560043639,0.999795922056984,0.907710271709719,0.647801046503508,0.584285240666303,0.527474222376465,0.580076403144913,0.665373214828154,0.484730176722815,0.572835353027674,0.563699723018555,0.519971611055615,0.349127399729449,0.523892625735712,0.657176443984327,1.03594232442101,0.605086724138254,0.449537373015237,0.405959405978716,0.0603814381965458,0.12132501688834,0.169962530667986,0.343314852836015,0.233169737784682,0.445709585019437,0.281296683681179,0.0814095966041072,0.0107973965206521,0.0245664964241774,0.161880898943778,0.290293067587674,0.186549959547406,0.0789004609795801,0.00599793210737024,0,0,0,0,1
5.14812691642398,4.2608724357522,11.0064532031903,11.3634546894224,3.90574374060655,7.99815848731467,2.90433609113402,1.09361514441618,0.916317219528676,1.71996153194568,1.45401565905531,1.06143220933237,0.987820946940126,1.22772406018494,0.742010937257259,0.460121257566903,0.169326599954208,0.0308865315133565,0.00528345295063389,0,0,0,0,0,0,0,0,0,0,0,0,0,0,0,0,0,0,0,0,0,0,0,0,0,0,0,0,0,0,0,0,0,0,0,0,0,0,0,0,0,0,0,0,0,0,0,0,0,0,0,0,0,0,0,0,0,0,0,0,0,0,0,0,0,0,0,0,0,0,0,0,0,0,0,0,0,0.0095827544462426,0,0,0,3
37.5617113187645,33.5713312101409,16.1706761022437,14.2245989636995,13.5661882187463,11.190318978105,10.4807178511587,8.57652185173919,8.29480417328389,11.106951691243,7.42345170452375,9.86572651383844,7.65475728085121,5.45759257903565,3.44283067431349,3.87501674957504,2.54043718087113,1.88429090578457,1.52059031808342,1.02473420291419,1.11948668511146,0.572986141510201,0.617721702641063,0.533445886010985,0.383821803840538,0.363371871660548,0.285355452426697,0.332627613159401,0.374917184601795,0.419990182252247,0.257823698630757,0.220033310519304,0.152055935176235,0.30160843741609,0.223045728036225,0.27715953164627,0.280905231220819,0.197545742885209,0.147778908439522,0.183662052912445,0.152294026542542,0.053640985912799,0.0797754477745652,0.0984516060946252,0.0404073486310048,0.061810873949682,0.0964299535320924,0.0644945770030602,0.00241415735484264,0.011400347554219,0.0153086109090664,0.0123329241003506,0,0.00241999779377984,0,0,0,0,0,0,0,0,0,0,0,0,0,0,0,0,0,0,0,0,0,0,0,0,0,0,0,0,0,0,0,0,0,0,0,0,0,0,0,0,0,0.0121188309299811,0,0,0,0,5
17.1463091535739,12.4137633728975,36.0316832267275,34.2886739351226,8.08913571409631,13.9804546080353,10.6871071180763,2.78208166873484,2.08851975690876,3.06482420147417,5.8576783545638,2.53670597808011,2.29762821286804,2.5282183276761,1.53376969851304,0.838965638667763,0.752165855374808,0.515008815682132,0.303474336451089,0.29071528514638,0.201321489819231,0.123612580942258,0.176551342125804,0.122570830030649,0.264024058114984,0.11587220656924,0.00478646961788881,0.0558331729033206,0.0306944362737773,0.030304763845971,0.063065649488019,0,0.0364491551747287,0,0,0,0.00454698740988621,0,0,0.0344976054361394,0.00514658039837616,0,0,0,0,0,0,0,0,0,0,0.00485220239470047,0,0,0,0,0,0,0,0,0,0,0,0,0,0,0,0,0,0,0,0,0,0,0,0,0,0,0,0,0,0,0,0,0,0,0,0,0,0,0,0,0,0,0,0,0.0106393972318173,0,0,0,6
13.9018638506725,18.3310124299243,5.13525184275578,1.3549318839462,0.694123445157524,0.927968291450203,0.970388632915252,3.09671410187832,2.27637407170708,0.840956786643274,0.186369790123781,0.612212022282826,0.829644284793587,0.752533534030823,1.51804129315754,1.32118858083573,3.37398114252821,2.15604754415999,0.515957406531715,1.83487193081028,3.62514739391958,3.90931966440689,4.88572080438721,4.826819926015,1.98328041475064,5.97952242306413,9.97265721201115,13.3656712531655,12.7975186106193,7.75895344581173,4.89773471622517,4.86583031726129,7.17586579290179,7.23395828323814,9.77238230210944,9.46882018946488,7.52040911006755,3.01772916393854,4.8953804068378,7.39825559385958,7.45270869072225,10.2060949203115,11.1629654194502,15.3726150109578,10.8467623840114,7.77595416645374,14.5103396693828,26.3871284397207,25.1187094915421,25.5234212144279,30.5783121499108,15.9437922713742,10.5730294761421,7.71834043594938,6.54897657145011,8.38929624878146,7.24431527236126,6.66555733640875,3.59842252307589,3.04159096413046,2.05593717984363,2.50100769156733,2.56962420523963,2.53886622187287,1.86636330828333,1.3212604857831,0.654343873375243,0.645485644731836,0.938487573156693,0.995843255526207,0.913638897409143,0.726453024810538,0.766731091235841,0.593876408496741,0.641979017917126,0.414833371970043,0.220144743713299,0.420159661748583,0.433129547113625,0.368697861087454,0.324877089049575,0.309373967027031,0.0757645497042407,0.136559426502926,0.144600432018373,0.255695001284924,0.311334775463973,0.329446226545436,0.241459580048697,0.189120042178343,0.0936314660008694,0.328667609452259,0.435642849376936,0.380892094349473,0.227987225875265,0.0328098682850614,0.00509653259341355,0,0.00205654131491441,0,4
22.7598146660228,40.4777409825392,60.6451685354077,12.8925600016461,9.16979365600407,10.5859400875121,15.7915461171865,9.47579029505393,5.49565241041105,6.39103204417655,4.82965610451225,5.99169650601202,4.23961944289481,2.70652668137513,2.71288524294446,3.27341979482326,3.38718525697502,1.87125053935488,1.61465439250399,1.48031314811795,1.2670868020946,1.01761438346465,0.728352256044561,0.570195992850812,0.415941355303127,0.399300865759725,0.369308255883579,0.280694977968072,0.336123691757639,0.359458968470858,0.347252711332922,0.375074510020543,0.313225181595657,0.25308493586155,0.177842945294611,0.250955986583549,0.297357331887037,0.199989234526944,0.194851405142866,0.268628596899268,0.27053572274307,0.253343142638789,0.330814573785872,0.38679939125294,0.465938722612071,0.411761204310088,0.403905973859175,0.333513576950657,0.35230140711935,0.300780424092328,0.162938262857275,0.0504828519808245,0,0,0,0,0,0,0,0,0,0,0,0,0,0,0,0,0,0,0,0,0,0,0,0,0,0,0,0,0,0,0,0,0,0,0,0,0,0,0,0,0,0,0,0,0,0,0,0,2
19.9718084311452,22.7427972417802,2.11693689076886,1.21285942053415,0.455383921153406,0.503124741776006,0.434284647297373,0.814504377772486,1.30157223541833,2.308733058967,3.27882876465037,2.64194995347734,7.61044918896989,4.96535246207346,3.33295780830524,4.8541192164812,6.63879445520301,3.892798002138,1.70598477855737,2.27442773952691,2.12971490125442,2.19902406136219,1.55918850423175,0.551831872138271,0.589814914230641,1.13896276093771,0.957669452843115,2.05797601004445,2.63113730356236,2.00657999243302,0.950017201619253,1.2634340178136,1.48189677034686,1.9298319717581,2.85115131594653,2.66644574432211,1.83590751227069,1.04382898263679,1.31588335488277,2.24283601290455,1.86826013185404,1.60437977822291,2.30684195196366,2.84134358767854,3.21440819751451,2.12880368866547,2.34852118528228,4.68645174288186,7.37469351914036,8.066896717169,6.90856792273264,6.65753614741466,3.41735906390229,2.78441866988108,1.84172756626618,2.21121844612017,2.56460741817373,2.69517725403682,1.64431395016653,0.708924066211731,0.598695399325021,0.967581596875881,0.792280452755676,0.626680923348242,0.385528309820749,0.313627377348475,0.243466169714984,0.275313986626848,0.483242261347396,0.268927546015583,0.30054099940072,0.458480941184119,0.239604292831321,0.143250593169914,0.193274452201536,0.370753291547722,0.628761800961262,0.497899511436868,0.382104864992772,0.243382098912514,0.0478180183311555,0,0.00251058545838568,0.143904999704638,0.236429340135371,0.17768253248126,0.0577028001258982,0.00584308954647776,0.0025799929536794,0,0.07503879474054,0.0575192121820647,0.0618838183376871,0.0051959161177329,0,0,0,0,0,0,1
